{
    "10_i-1_0_r_sl_ClearSunset_low_": 35,
    "10_i-1_0_r_sl_ClearSunset_mid_": 35,
    "10_i-1_0_r_sl_CloudyNoon_low_": 35,
    "10_i-1_0_r_sl_CloudySunset_high_": 35,
    "10_i-1_0_r_sl_HardRainNoon_low_": 35,
    "10_i-1_0_r_sl_HardRainNoon_mid_": 35,
    "10_i-1_0_r_sl_MidRainSunset_low_": 35,
    "10_i-1_0_r_sr_HardRainNoon_high_": 41,
    "10_i-1_0_r_sr_HardRainNoon_low_": 41,
    "10_i-1_0_r_sr_HardRainNoon_mid_": 41,
    "10_i-1_0_r_sr_HardRainSunset_mid_": 41,
    "10_i-1_0_r_sr_MidRainSunset_low_": 41,
    "10_i-1_0_r_sr_WetSunset_low_": 41,
    "10_i-1_1_f_sr_ClearSunset_mid_": 72,
    "10_i-1_1_f_sr_CloudyNoon_mid_": 72,
    "10_i-1_1_f_sr_HardRainNoon_mid_": 72,
    "10_i-1_1_f_sr_HardRainSunset_high_": 72,
    "10_i-1_1_f_sr_HardRainSunset_mid_": 72,
    "10_i-1_1_f_sr_WetSunset_low_": 72,
    "10_i-1_1_l_sl_CloudySunset_low_": 56,
    "10_i-1_1_l_sl_CloudySunset_mid_": 56,
    "10_i-1_1_l_sl_HardRainNoon_high_": 56,
    "10_i-1_1_l_sl_HardRainNoon_mid_": 56,
    "10_i-1_1_l_sl_HardRainSunset_mid_": 56,
    "10_i-1_1_l_sl_MidRainyNoon_low_": 56,
    "10_i-1_1_l_sl_WetSunset_high_": 56,
    "10_i-1_3_l_sr_ClearSunset_high_": 31,
    "10_s-1_1_f_sl_ClearSunset_mid_": 65,
    "10_s-1_1_f_sl_CloudySunset_high_": 65,
    "10_s-1_1_f_sl_HardRainNoon_low_": 65,
    "10_s-1_1_f_sl_HardRainNoon_mid_": 65,
    "10_s-1_1_f_sl_HardRainSunset_high_": 65,
    "10_s-1_1_f_sl_HardRainSunset_low_": 65,
    "10_s-1_1_f_sl_HardRainSunset_mid_": 61,
    "10_s-1_1_f_sl_MidRainyNoon_high_": 65,
    "10_s-1_1_f_sl_WetSunset_low_": 61,
    "10_s-1_1_f_sr_HardRainNoon_high_": 58,
    "10_s-1_1_f_sr_HardRainSunset_low_": 58,
    "10_s-1_1_f_sr_MidRainSunset_mid_": 58,
    "10_s-1_1_f_sr_MidRainyNoon_low_": 58,
    "10_s-1_1_f_sr_WetSunset_low_": 58,
    "10_s-1_1_f_sr_WetSunset_mid_": 58,
    "10_s-2_1_f_sl_ClearSunset_low_": 29,
    "10_s-2_1_f_sl_MidRainSunset_low_": 29,
    "10_s-2_2_f_sr_ClearSunset_high_": 58,
    "10_s-2_2_f_sr_HardRainNoon_low_": 58,
    "10_s-2_2_f_sr_HardRainSunset_low_": 58,
    "10_s-2_2_f_sr_MidRainyNoon_high_": 58,
    "10_s-2_2_f_sr_MidRainyNoon_mid_": 58,
    "10_s-2_2_f_sr_WetSunset_low_": 58,
    "10_s-2_3_f_sl_ClearSunset_high_": 59,
    "10_s-2_3_f_sl_ClearSunset_low_": 59,
    "10_s-2_3_f_sl_ClearSunset_mid_": 59,
    "10_s-2_3_f_sl_CloudyNoon_high_": 59,
    "10_s-2_3_f_sl_HardRainNoon_high_": 59,
    "10_s-2_3_f_sl_HardRainNoon_low_": 59,
    "10_s-2_3_f_sl_HardRainSunset_high_": 59,
    "10_s-2_3_f_sl_HardRainSunset_low_": 59,
    "10_s-2_3_f_sl_MidRainSunset_mid_": 59,
    "10_s-2_3_f_sl_MidRainyNoon_mid_": 59,
    "10_s-2_3_f_sl_WetNoon_mid_": 59,
    "10_s-3_1_f_sr_CloudyNoon_high_": 39,
    "10_s-3_1_f_sr_CloudySunset_high_": 39,
    "10_s-3_1_f_sr_CloudySunset_low_": 39,
    "10_s-3_1_f_sr_CloudySunset_mid_": 39,
    "10_s-3_1_f_sr_HardRainNoon_high_": 39,
    "10_s-3_1_f_sr_HardRainNoon_low_": 39,
    "10_s-3_1_f_sr_HardRainNoon_mid_": 39,
    "10_s-3_1_f_sr_HardRainSunset_high_": 39,
    "10_s-3_1_f_sr_HardRainSunset_low_": 39,
    "10_s-3_1_f_sr_MidRainSunset_mid_": 39,
    "10_s-4_2_f_sl_ClearSunset_high_": 44,
    "10_s-4_2_f_sl_CloudySunset_low_": 44,
    "10_s-4_2_f_sl_HardRainNoon_high_": 44,
    "10_s-4_2_f_sl_HardRainNoon_low_": 44,
    "10_s-4_2_f_sl_HardRainSunset_high_": 44,
    "10_s-4_2_f_sl_HardRainSunset_low_": 44,
    "10_s-4_2_f_sl_MidRainSunset_mid_": 44,
    "10_s-4_2_f_sl_MidRainyNoon_mid_": 44,
    "10_s-4_2_f_sl_WetNoon_mid_": 44,
    "10_s-4_2_f_sl_WetSunset_mid_": 44,
    "10_s-4_3_f_sr_CloudyNoon_high_": 80,
    "10_s-4_3_f_sr_CloudySunset_high_": 80,
    "10_s-4_3_f_sr_HardRainNoon_high_": 80,
    "10_s-4_3_f_sr_HardRainNoon_low_": 80,
    "10_s-4_3_f_sr_HardRainSunset_high_": 80,
    "10_s-4_3_f_sr_MidRainSunset_low_": 80,
    "10_s-4_3_f_sr_MidRainSunset_mid_": 80,
    "10_s-4_3_f_sr_MidRainyNoon_mid_": 80,
    "10_s-4_3_f_sr_WetSunset_low_": 80,
    "10_s-4_3_f_sr_WetSunset_mid_": 80,
    "10_s-6_1_f_sl_MidRainSunset_low_": 40,
    "10_s-6_1_f_sl_WetSunset_mid_": 40,
    "10_s-6_2_f_sl_CloudySunset_low_": 27,
    "10_s-6_2_f_sl_MidRainyNoon_low_": 27,
    "10_s-6_2_f_sr_HardRainSunset_high_": 47,
    "10_s-6_2_f_sr_MidRainSunset_low_": 47,
    "10_s-7_2_f_sr_ClearSunset_mid_": 48,
    "10_s-7_2_f_sr_CloudyNoon_high_": 48,
    "10_s-7_2_f_sr_CloudySunset_high_": 48,
    "10_s-7_2_f_sr_CloudySunset_low_": 48,
    "10_s-7_2_f_sr_HardRainNoon_high_": 48,
    "10_s-7_2_f_sr_HardRainNoon_mid_": 48,
    "10_s-7_2_f_sr_MidRainSunset_high_": 48,
    "10_s-7_2_f_sr_MidRainSunset_low_": 48,
    "10_s-7_2_f_sr_MidRainSunset_mid_": 48,
    "10_s-7_2_f_sr_MidRainyNoon_low_": 48,
    "10_s-8_1_f_sr_ClearSunset_mid_": 32,
    "10_s-8_1_f_sr_CloudyNoon_high_": 32,
    "10_s-8_1_f_sr_HardRainSunset_high_": 32,
    "10_t1-1_0_r_sr_CloudySunset_high_": 40,
    "10_t1-1_0_r_sr_CloudySunset_low_": 40,
    "10_t1-1_0_r_sr_HardRainSunset_high_": 40,
    "10_t1-1_0_r_sr_HardRainSunset_mid_": 40,
    "10_t1-1_0_r_sr_MidRainSunset_low_": 40,
    "10_t1-1_0_r_sr_MidRainyNoon_high_": 40,
    "10_t1-1_0_r_sr_MidRainyNoon_low_": 40,
    "10_t1-1_0_r_sr_MidRainyNoon_mid_": 40,
    "10_t1-1_0_r_sr_WetNoon_mid_": 40,
    "10_t1-1_0_r_sr_WetSunset_mid_": 40,
    "10_t1-1_0_r_sr_1_ClearSunset_low_": 60,
    "10_t1-1_0_r_sr_1_CloudyNoon_high_": 60,
    "10_t1-1_0_r_sr_1_HardRainSunset_high_": 60,
    "10_t1-1_0_r_sr_1_HardRainSunset_mid_": 60,
    "10_t1-1_0_r_sr_1_MidRainSunset_low_": 59,
    "10_t1-1_0_r_sr_1_MidRainyNoon_low_": 60,
    "10_t1-1_0_r_sr_1_MidRainyNoon_mid_": 60,
    "10_t1-1_0_r_sr_1_WetSunset_high_": 60,
    "10_t1-1_0_r_sr_1_WetSunset_mid_": 60,
    "10_t1-2_0_r_sr_ClearSunset_high_": 58,
    "10_t1-2_0_r_sr_ClearSunset_low_": 61,
    "10_t1-2_0_r_sr_ClearSunset_mid_": 61,
    "10_t1-2_0_r_sr_HardRainNoon_high_": 63,
    "10_t1-2_0_r_sr_HardRainNoon_mid_": 62,
    "10_t1-2_0_r_sr_HardRainSunset_high_": 62,
    "10_t1-2_0_r_sr_HardRainSunset_mid_": 58,
    "10_t1-2_0_r_sr_MidRainSunset_low_": 61,
    "10_t1-2_0_r_sr_MidRainyNoon_low_": 61,
    "10_t1-2_0_r_sr_WetNoon_high_": 61,
    "10_t1-2_0_r_sr_WetNoon_mid_": 61,
    "10_t1-3_0_r_sr_CloudySunset_high_": 68,
    "10_t1-3_0_r_sr_CloudySunset_low_": 68,
    "10_t1-3_0_r_sr_CloudySunset_mid_": 68,
    "10_t1-3_0_r_sr_HardRainNoon_high_": 68,
    "10_t1-3_0_r_sr_HardRainNoon_low_": 68,
    "10_t1-3_0_r_sr_HardRainSunset_mid_": 68,
    "10_t1-3_0_r_sr_MidRainSunset_low_": 68,
    "10_t1-4_3_r_sl_CloudyNoon_high_": 32,
    "10_t1-4_3_r_sl_CloudySunset_mid_": 32,
    "10_t1-4_3_r_sl_HardRainNoon_high_": 32,
    "10_t1-4_3_r_sl_HardRainNoon_low_": 32,
    "10_t1-4_3_r_sl_MidRainSunset_low_": 32,
    "10_t1-4_3_r_sl_MidRainSunset_mid_": 32,
    "10_t1-4_3_r_sl_MidRainyNoon_mid_": 32,
    "10_t1-4_3_r_sl_WetNoon_mid_": 32,
    "10_t1-4_3_r_sl_WetSunset_high_": 32,
    "10_t1-4_3_r_sl_WetSunset_low_": 32,
    "10_t1-7_2_l_sr_CloudyNoon_high_": 67,
    "10_t1-7_2_l_sr_CloudySunset_mid_": 67,
    "10_t1-7_2_l_sr_HardRainNoon_high_": 67,
    "10_t1-7_2_l_sr_HardRainNoon_mid_": 67,
    "10_t1-7_2_l_sr_HardRainSunset_low_": 67,
    "10_t1-7_2_l_sr_MidRainSunset_high_": 67,
    "10_t1-7_2_l_sr_MidRainSunset_mid_": 67,
    "10_t1-7_2_l_sr_MidRainyNoon_low_": 67,
    "10_t1-7_2_l_sr_WetSunset_high_": 67,
    "10_t1-7_2_l_sr_WetSunset_low_": 67,
    "10_t2-1_2_f_sl_ClearSunset_high_": 38,
    "10_t2-1_2_f_sl_ClearSunset_low_": 38,
    "10_t2-1_2_f_sl_HardRainNoon_high_": 38,
    "10_t2-1_2_f_sl_HardRainNoon_mid_": 38,
    "10_t2-1_2_f_sl_MidRainSunset_high_": 38,
    "10_t2-1_2_f_sl_MidRainSunset_low_": 38,
    "10_t2-1_2_f_sl_MidRainSunset_mid_": 38,
    "10_t2-1_2_f_sl_MidRainyNoon_low_": 38,
    "10_t2-1_2_f_sl_WetSunset_mid_": 38,
    "10_t2-3_3_f_sl_ClearSunset_low_": 48,
    "10_t2-3_3_f_sl_HardRainNoon_low_": 48,
    "10_t2-3_3_f_sl_HardRainNoon_mid_": 48,
    "10_t2-3_3_f_sl_MidRainSunset_high_": 48,
    "10_t2-3_3_f_sl_MidRainSunset_low_": 48,
    "10_t2-3_3_f_sl_WetSunset_high_": 48,
    "10_t2-3_3_r_sl_HardRainNoon_low_": 62,
    "10_t2-3_3_r_sl_MidRainSunset_high_": 62,
    "10_t2-3_3_r_sl_MidRainSunset_low_": 62,
    "10_t2-3_3_r_sl_MidRainyNoon_mid_": 62,
    "10_t2-3_3_r_sl_WetNoon_mid_": 62,
    "10_t2-3_3_r_sl_WetSunset_low_": 62,
    "10_t2-3_3_r_sl_WetSunset_mid_": 62,
    "10_t2-3_3_r_sr_HardRainSunset_high_": 51,
    "10_t2-3_3_r_sr_HardRainSunset_low_": 51,
    "10_t2-3_3_r_sr_HardRainSunset_mid_": 51,
    "10_t2-3_3_r_sr_MidRainyNoon_high_": 51,
    "10_t2-3_3_r_sr_MidRainyNoon_low_": 51,
    "10_t2-3_3_r_sr_MidRainyNoon_mid_": 51,
    "10_t2-3_3_r_sr_WetSunset_high_": 51,
    "10_t2-3_3_r_sr_WetSunset_low_": 51,
    "10_t2-3_3_r_sr_WetSunset_mid_": 51,
    "10_t2-4_0_r_sl_ClearSunset_low_": 27,
    "10_t2-4_0_r_sl_CloudyNoon_mid_": 27,
    "10_t2-4_0_r_sl_HardRainNoon_low_": 27,
    "10_t2-4_0_r_sl_MidRainSunset_mid_": 27,
    "10_t2-4_0_r_sl_WetSunset_high_": 27,
    "10_t2-4_0_r_sr_ClearSunset_mid_": 53,
    "10_t2-4_0_r_sr_CloudyNoon_high_": 53,
    "10_t2-4_0_r_sr_CloudyNoon_mid_": 53,
    "10_t2-4_0_r_sr_CloudySunset_low_": 53,
    "10_t2-4_0_r_sr_HardRainNoon_low_": 53,
    "10_t2-4_0_r_sr_HardRainSunset_high_": 53,
    "10_t2-4_0_r_sr_HardRainSunset_mid_": 53,
    "10_t2-4_0_r_sr_MidRainSunset_low_": 53,
    "10_t2-4_0_r_sr_MidRainyNoon_mid_": 53,
    "10_t2-5_3_r_sl_HardRainNoon_high_": 46,
    "10_t2-5_3_r_sl_HardRainNoon_mid_": 46,
    "10_t2-5_3_r_sl_HardRainSunset_low_": 44,
    "10_t2-5_3_r_sl_MidRainSunset_high_": 45,
    "10_t2-5_3_r_sl_MidRainyNoon_low_": 44,
    "10_t2-6_0_r_sr_ClearSunset_low_": 69,
    "10_t2-6_0_r_sr_MidRainSunset_low_": 69,
    "10_t2-6_0_r_sr_MidRainSunset_mid_": 69,
    "10_t2-6_0_r_sr_MidRainyNoon_high_": 69,
    "10_t2-6_0_r_sr_MidRainyNoon_low_": 69,
    "10_t2-6_0_r_sr_MidRainyNoon_mid_": 69,
    "10_t2-6_0_r_sr_WetNoon_high_": 69,
    "10_t2-6_0_r_sr_WetSunset_mid_": 69,
    "10_t2-6_3_r_sl_CloudySunset_low_": 67,
    "10_t2-6_3_r_sl_HardRainSunset_high_": 67,
    "10_t2-6_3_r_sl_MidRainSunset_low_": 67,
    "10_t2-6_3_r_sl_MidRainyNoon_high_": 67,
    "10_t2-6_3_r_sl_MidRainyNoon_low_": 67,
    "10_t2-6_3_r_sl_WetNoon_high_": 67,
    "10_t2-7_0_f_sr_CloudyNoon_mid_": 47,
    "10_t2-7_0_f_sr_CloudySunset_high_": 47,
    "10_t2-7_0_f_sr_HardRainNoon_high_": 47,
    "10_t2-7_0_f_sr_HardRainNoon_mid_": 47,
    "10_t2-7_0_f_sr_MidRainSunset_high_": 47,
    "10_t2-7_0_f_sr_MidRainSunset_low_": 47,
    "10_t2-7_0_f_sr_MidRainSunset_mid_": 47,
    "10_t2-7_0_f_sr_MidRainyNoon_low_": 47,
    "10_t2-7_0_f_sr_WetNoon_high_": 47,
    "10_t2-7_0_f_sr_WetSunset_mid_": 47,
    "10_t3-1_0_l_sl_CloudyNoon_mid_": 46,
    "10_t3-1_0_l_sl_HardRainNoon_high_": 46,
    "10_t3-1_0_l_sl_HardRainNoon_low_": 46,
    "10_t3-1_0_l_sl_HardRainSunset_mid_": 46,
    "10_t3-1_0_l_sl_MidRainSunset_low_": 46,
    "10_t3-1_0_l_sl_MidRainyNoon_mid_": 46,
    "10_t3-1_0_l_sl_WetNoon_high_": 46,
    "10_t3-1_0_l_sl_WetSunset_high_": 46,
    "10_t3-1_0_l_sl_WetSunset_low_": 46,
    "10_t3-1_1_f_sl_CloudySunset_low_": 49,
    "10_t3-1_1_f_sl_HardRainSunset_high_": 49,
    "10_t3-1_1_f_sl_MidRainSunset_low_": 49,
    "10_t3-1_1_f_sl_MidRainyNoon_low_": 49,
    "10_t3-1_1_l_sl_CloudySunset_low_": 36,
    "10_t3-1_1_l_sl_CloudySunset_mid_": 36,
    "10_t3-1_1_l_sl_HardRainNoon_low_": 36,
    "10_t3-1_1_l_sl_HardRainNoon_mid_": 36,
    "10_t3-1_1_l_sl_MidRainSunset_low_": 36,
    "10_t3-1_1_l_sl_MidRainSunset_mid_": 36,
    "10_t3-1_1_l_sl_WetNoon_mid_": 36,
    "10_t3-2_1_f_sr_ClearSunset_high_": 98,
    "10_t3-2_1_f_sr_CloudyNoon_high_": 98,
    "10_t3-2_1_f_sr_CloudySunset_low_": 98,
    "10_t3-2_1_f_sr_CloudySunset_mid_": 98,
    "10_t3-2_1_f_sr_HardRainNoon_high_": 98,
    "10_t3-2_1_f_sr_MidRainSunset_high_": 98,
    "10_t3-2_1_f_sr_MidRainSunset_low_": 98,
    "10_t3-2_1_f_sr_MidRainSunset_mid_": 98,
    "10_t3-2_1_f_sr_MidRainyNoon_low_": 98,
    "10_t3-2_1_f_sr_MidRainyNoon_mid_": 98,
    "10_t3-7_0_l_sr_CloudyNoon_high_": 58,
    "10_t3-7_0_l_sr_CloudyNoon_mid_": 49,
    "10_t3-7_0_l_sr_HardRainNoon_mid_": 55,
    "10_t3-7_0_l_sr_HardRainSunset_high_": 55,
    "10_t3-7_0_l_sr_MidRainSunset_low_": 51,
    "10_t3-7_0_l_sr_MidRainyNoon_low_": 50,
    "10_t3-7_0_l_sr_WetSunset_low_": 58,
    "10_t3-7_0_l_sr_WetSunset_mid_": 58,
    "A6_r-1_3_er_sl_1_CloudySunset_high_": 77,
    "A6_r-1_3_er_sl_1_HardRainSunset_high_": 77,
    "A6_r-1_3_er_sl_1_HardRainSunset_mid_": 77,
    "A6_r-1_3_er_sl_1_MidRainyNoon_mid_": 77,
    "A6_r-1_3_er_sl_3_CloudySunset_low_": 81,
    "A6_r-1_3_er_sl_3_HardRainSunset_low_": 81,
    "A6_r-1_3_er_sl_3_MidRainSunset_high_": 81,
    "A6_r-1_3_er_sl_3_MidRainyNoon_low_": 81,
    "A6_r-1_3_gi_sl_2_ClearSunset_low_": 92,
    "A6_r-1_3_gr_sl_ClearSunset_mid_": 95,
    "A6_r-1_3_gr_sl_HardRainNoon_high_": 91,
    "A6_r-1_3_gr_sl_MidRainSunset_low_": 95,
    "A6_r-1_3_gr_sl_MidRainSunset_mid_": 95,
    "A6_r-1_3_gr_sl_MidRainyNoon_low_": 95,
    "A6_r-1_3_gr_sl_WetNoon_mid_": 95,
    "A6_r-1_3_gr_sl_WetSunset_high_": 93,
    "A6_r-1_3_gr_sl_WetSunset_low_": 95,
    "A6_r-1_3_gr_sl_2_ClearSunset_mid_": 74,
    "A6_r-1_3_gr_sl_2_CloudySunset_low_": 74,
    "A6_r-1_3_gr_sl_2_HardRainSunset_low_": 74,
    "A6_r-1_3_gr_sl_2_MidRainSunset_mid_": 74,
    "A6_r-1_3_gr_sl_2_MidRainyNoon_low_": 74,
    "A6_r-1_3_gr_sr_MidRainyNoon_low_": 68,
    "A6_r-1_3_gr_sr_WetNoon_mid_": 68,
    "A6_r-1_3_gr_sr_WetSunset_low_": 68,
    "A6_r-1_3_gr_sr_WetSunset_mid_": 68
}