{
    "1": {},
    "2": {},
    "3": {},
    "4": {},
    "5": {},
    "6": {},
    "7": {},
    "8": {},
    "9": {},
    "10": {},
    "11": {},
    "12": {},
    "13": {},
    "14": {},
    "15": {},
    "16": {},
    "17": {},
    "18": {},
    "19": {},
    "20": {},
    "21": {},
    "22": {},
    "23": {},
    "24": {},
    "25": {},
    "26": {},
    "27": {},
    "28": {
        "21668": [
            3.375681863796441,
            0.6678234768384301
        ]
    },
    "29": {
        "21668": [
            3.3690058695356564,
            1.038034301171897
        ]
    },
    "30": {
        "21668": [
            3.3620008975792,
            1.4255913567194294
        ]
    },
    "31": {
        "21668": [
            3.3546694048356724,
            1.83157055438259
        ]
    },
    "32": {
        "21668": [
            3.346990316950808,
            2.2561012838189134
        ]
    },
    "33": {
        "21668": [
            3.3389688009677037,
            2.700084000785284
        ]
    },
    "34": {
        "21668": [
            3.33057859792697,
            3.1639837482594912
        ]
    },
    "35": {
        "21668": [
            3.321833786478364,
            3.6478770467509163
        ]
    },
    "36": {
        "21668": [
            3.312824167585216,
            4.146691130780881
        ]
    },
    "37": {
        "21668": [
            3.3037295788380563,
            4.650265212422924
        ]
    },
    "38": {
        "21668": [
            3.294720518513384,
            5.149537123357898
        ]
    },
    "39": {
        "21668": [
            3.285862811042268,
            5.639998370300047
        ]
    },
    "40": {
        "21668": [
            3.2772420695031785,
            6.118439511978798
        ]
    },
    "41": {
        "21668": [
            3.2688361211596315,
            6.583727736631404
        ]
    },
    "42": {
        "21668": [
            3.2608308709245475,
            7.0357566530486535
        ]
    },
    "43": {
        "21668": [
            3.2529056574073474,
            7.471475656577999
        ]
    },
    "44": {
        "21668": [
            3.2453180874373526,
            7.892171391063505
        ]
    },
    "45": {
        "21668": [
            3.2378853497322577,
            8.297412504117005
        ]
    },
    "46": {
        "21668": [
            3.2307449888432638,
            8.687299934130927
        ]
    },
    "47": {
        "21668": [
            3.2236684840340755,
            9.061832456387034
        ]
    },
    "48": {
        "21668": [
            3.217133814716716,
            9.423211992673414
        ]
    },
    "49": {
        "21668": [
            3.210632328560951,
            9.768991952745964
        ]
    },
    "50": {
        "21668": [
            3.2045507830168005,
            10.102441499714349
        ]
    },
    "51": {
        "21668": [
            3.1984391844910567,
            10.423563045457326
        ]
    },
    "52": {
        "21668": [
            3.1927354387664564,
            10.738044293391566
        ]
    },
    "53": {
        "21668": [
            3.1869184099343224,
            11.046524999158361
        ]
    },
    "54": {
        "21668": [
            3.181304268490791,
            11.355216230206175
        ]
    },
    "55": {
        "21668": [
            3.1753861178190523,
            11.666179563104313
        ]
    },
    "56": {
        "21668": [
            3.1695289301536356,
            11.986058229341987
        ]
    },
    "57": {
        "21668": [
            3.163348849041482,
            12.316540722814002
        ]
    },
    "58": {
        "21668": [
            3.156689970004997,
            12.659054958036359
        ]
    },
    "59": {
        "21668": [
            3.1498439986813973,
            13.018395223844514
        ]
    },
    "60": {
        "21668": [
            3.144535286441247,
            13.390632651627442
        ]
    },
    "61": {
        "21668": [
            3.132979009772098,
            13.777446055600196
        ]
    },
    "62": {
        "21668": [
            3.121595441557838,
            14.177823744596266
        ]
    },
    "63": {
        "21668": [
            3.111037571489003,
            14.59200603871027
        ]
    },
    "64": {
        "21668": [
            3.1010493153858474,
            15.040008167565599
        ]
    },
    "65": {
        "21668": [
            3.0918617428135358,
            15.51074230419075
        ]
    },
    "66": {
        "21668": [
            3.0793249075215705,
            15.99627473831813
        ]
    },
    "67": {
        "21668": [
            3.067388201369569,
            16.484692616667747
        ]
    },
    "68": {
        "21668": [
            3.049893672559081,
            16.96245496328701
        ]
    },
    "69": {
        "21668": [
            3.031755260884278,
            17.421849775445263
        ]
    },
    "70": {
        "21668": [
            3.012681854155697,
            17.889918949298924
        ]
    },
    "71": {
        "21668": [
            2.9997599175908856,
            18.347689040440756
        ]
    },
    "72": {
        "21668": [
            2.9779266372336233,
            18.782111115986986
        ]
    },
    "73": {
        "21668": [
            2.9511566543162555,
            19.193654714000495
        ]
    },
    "74": {
        "21668": [
            2.918580820547342,
            19.57919954061702
        ]
    },
    "75": {
        "21668": [
            2.8780922824947566,
            19.938002394792573
        ]
    },
    "76": {
        "21668": [
            2.8371461198010235,
            20.302988012457487
        ]
    },
    "77": {
        "21668": [
            2.828916763728197,
            20.67719246777099
        ]
    },
    "78": {
        "21668": [
            2.8019657503146744,
            21.02757737832878
        ]
    },
    "79": {
        "21668": [
            2.7678687792385652,
            21.355022471452102
        ]
    },
    "80": {
        "21668": [
            2.723233369762433,
            21.65851186989942
        ]
    },
    "81": {
        "21668": [
            2.653891305443343,
            21.94055806997713
        ]
    },
    "82": {
        "21668": [
            2.576853087503557,
            22.199782897211364
        ]
    },
    "83": {
        "21668": [
            2.466495141719706,
            22.440473608022273
        ]
    },
    "84": {
        "21668": [
            2.323884823481612,
            22.66327356659406
        ]
    },
    "85": {
        "21668": [
            2.1544365452197494,
            22.877248575990745
        ]
    },
    "86": {
        "21668": [
            1.96580218911303,
            23.092996339828936
        ]
    },
    "87": {
        "21668": [
            1.7700706486204238,
            23.319705532209348
        ]
    },
    "88": {
        "21668": [
            1.5682380154475903,
            23.56156105186522
        ]
    },
    "89": {
        "21668": [
            1.3617865578366846,
            23.819062337622764
        ]
    },
    "90": {
        "21668": [
            1.1459730315057177,
            24.091201529114027
        ]
    },
    "91": {
        "21668": [
            0.9195822882483781,
            24.376596891832857
        ]
    },
    "92": {
        "21668": [
            0.6727453417399081,
            24.670932413196816
        ]
    },
    "93": {
        "21668": [
            0.40008064587250447,
            24.97025024293777
        ]
    },
    "94": {
        "21668": [
            0.09425047224740508,
            25.27069368536916
        ]
    },
    "95": {
        "21668": [
            -0.24659600630662762,
            25.570694727291457
        ]
    },
    "96": {
        "21668": [
            -0.6157715763005087,
            25.872123472849108
        ]
    },
    "97": {
        "21668": [
            -0.9956399093603034,
            26.177416793624488
        ]
    },
    "98": {
        "21668": [
            -1.3766737662782833,
            26.481414022138047
        ]
    },
    "99": {
        "21668": [
            -1.759632405010066,
            26.776110388660154
        ]
    },
    "100": {
        "21668": [
            -2.14241075373418,
            27.056429205010808
        ]
    },
    "101": {
        "21668": [
            -2.5270784050482766,
            27.31771684906896
        ]
    },
    "102": {
        "21668": [
            -2.918498482784103,
            27.553079252311665
        ]
    },
    "103": {
        "21668": [
            -3.325255773507829,
            27.75646550663117
        ]
    },
    "104": {
        "21668": [
            -3.7459814177444315,
            27.924220188064538
        ]
    },
    "105": {
        "21668": [
            -4.178064034621168,
            28.055755695275128
        ]
    },
    "106": {
        "21668": [
            -4.614381839402891,
            28.15345186384044
        ]
    },
    "107": {
        "21668": [
            -5.042477329490536,
            28.225864461402317
        ]
    },
    "108": {
        "21668": [
            -5.450025056085824,
            28.280553505760498
        ]
    },
    "109": {
        "21668": [
            -5.830851435162904,
            28.32191363233574
        ]
    },
    "110": {
        "21668": [
            -6.1825169167615055,
            28.350400884949188
        ]
    },
    "111": {
        "21668": [
            -6.505009694154674,
            28.364876562837292
        ]
    },
    "112": {
        "21668": [
            -6.789462292588116,
            28.341260623746514
        ]
    },
    "113": {
        "21668": [
            -6.956428384518166,
            28.281123218766833
        ]
    },
    "114": {
        "21668": [
            -7.074918701910265,
            28.171141308054462
        ]
    },
    "115": {
        "21668": [
            -7.171084153846532,
            28.03454014228782
        ]
    },
    "116": {
        "21668": [
            -7.228881951875885,
            27.91296013027288
        ]
    },
    "117": {
        "21668": [
            -7.2336943781379865,
            27.824513181903978
        ]
    },
    "118": {
        "21668": [
            -7.145827526830362,
            27.788909690204523
        ]
    },
    "119": {
        "21668": [
            -7.1255547069565965,
            27.753568179361913
        ]
    },
    "120": {
        "21668": [
            -7.122716588514715,
            27.72775243075925
        ]
    },
    "121": {
        "21668": [
            -7.11629775930804,
            27.715303495201283
        ]
    },
    "122": {
        "21668": [
            -7.100032377870066,
            27.72004869272802
        ]
    },
    "123": {
        "21668": [
            -7.072691959023854,
            27.745195069168464
        ]
    },
    "124": {
        "21668": [
            -7.033587910022204,
            27.786753017145394
        ]
    },
    "125": {
        "21668": [
            -6.974652140031262,
            27.82005392943721
        ]
    },
    "126": {
        "21668": [
            -6.879390466972727,
            27.79971867677809
        ]
    },
    "127": {
        "21668": [
            -6.745336271465159,
            27.72321414944932
        ]
    },
    "128": {
        "21199": [
            -0.8756499870690954,
            59.854476383825194
        ],
        "21668": [
            -6.576155434923812,
            27.5891265751983
        ]
    },
    "129": {
        "21199": [
            -0.7500359818546011,
            59.59704319846355
        ],
        "21668": [
            -6.396294147225582,
            27.443130589691858
        ]
    },
    "130": {
        "21199": [
            -0.6169986672121858,
            59.34082221479522
        ],
        "21668": [
            -6.218601640670034,
            27.315058663343112
        ]
    },
    "131": {
        "21199": [
            -0.48427258621970015,
            59.08545157597442
        ],
        "21668": [
            -6.046583882471541,
            27.204009580370116
        ]
    },
    "132": {
        "21199": [
            -0.35246217956614007,
            58.83167097867927
        ],
        "21668": [
            -5.880186054090164,
            27.111592002435724
        ]
    },
    "133": {
        "21199": [
            -0.21818104536384014,
            58.58040660898536
        ],
        "21668": [
            -5.717650841889769,
            27.0387352651181
        ]
    },
    "134": {
        "21199": [
            -0.07800813648452193,
            58.332153005306964
        ],
        "21668": [
            -5.556488756906265,
            26.985504976199202
        ]
    },
    "135": {
        "21199": [
            0.07526737078678722,
            58.0864794154301
        ],
        "21668": [
            -5.392001913969576,
            26.94779215984845
        ]
    },
    "136": {
        "21199": [
            0.2350672654394556,
            57.84223384360008
        ],
        "21668": [
            -5.224949660511298,
            26.91595269013104
        ]
    },
    "137": {
        "21199": [
            0.39137531695262695,
            57.59829589478332
        ],
        "21668": [
            -5.058611969588015,
            26.8810652537707
        ]
    },
    "138": {
        "21199": [
            0.5397226195079375,
            57.354151415819906
        ],
        "21668": [
            -4.894016558056775,
            26.837498832937488
        ]
    },
    "139": {
        "21199": [
            0.676711013416563,
            57.107680015021074
        ],
        "21668": [
            -4.73289926048962,
            26.783015535442154
        ]
    },
    "140": {
        "21199": [
            0.7972280751351177,
            56.85987743662535
        ],
        "21668": [
            -4.576064270199284,
            26.717145487650875
        ]
    },
    "141": {
        "21199": [
            0.9000367714752803,
            56.61259920084065
        ],
        "21668": [
            -4.423875161249095,
            26.633652480190367
        ]
    },
    "142": {
        "21199": [
            0.993139218301971,
            56.36703058705579
        ],
        "21668": [
            -4.2695394466255046,
            26.493352977247817
        ]
    },
    "143": {
        "20693": [
            -37.901400110602886,
            42.9186976892243
        ],
        "21199": [
            1.0624463426179294,
            56.12157409328871
        ],
        "21668": [
            -4.119407208053716,
            26.31017693797693
        ]
    },
    "144": {
        "20693": [
            -37.671896433389996,
            42.905876712811484
        ],
        "21199": [
            1.117628865335809,
            55.875625611584205
        ],
        "21668": [
            -3.9769042351293664,
            26.12239276815058
        ]
    },
    "145": {
        "20693": [
            -37.44637875096899,
            42.88681684292984
        ],
        "21199": [
            1.1772879946316537,
            55.63033272440195
        ],
        "21668": [
            -3.837989193738171,
            25.932021006663174
        ]
    },
    "146": {
        "20693": [
            -37.222520276621836,
            42.866398141348924
        ],
        "21199": [
            1.2425061458637423,
            55.38727515307466
        ],
        "21668": [
            -3.70059830804828,
            25.741473312810424
        ]
    },
    "147": {
        "20693": [
            -37.000286248693556,
            42.846876355297404
        ],
        "21199": [
            1.306464207562082,
            55.148431639913746
        ],
        "21668": [
            -3.5650868662814372,
            25.553382746738077
        ]
    },
    "148": {
        "20693": [
            -36.778176725413246,
            42.83053285645502
        ],
        "21199": [
            1.3648865308686946,
            54.91406195711832
        ],
        "21668": [
            -3.430541349919403,
            25.368879689946393
        ]
    },
    "149": {
        "20693": [
            -36.54518666179005,
            42.827309846174835
        ],
        "21199": [
            1.4282027699777595,
            54.68439955679691
        ],
        "21668": [
            -3.2905328421603373,
            25.190977033584208
        ]
    }
}